first_name,last_name,gender,date_of_birth,id_code
Mari,Saar,M,1952-08-10,8625126
Jaan,Tamm,F,1948-01-21,6698434
Laura,Saar,F,2000-10-17,10245578
Anna,Saar,M,1948-01-21,4753259
Peeter,Saar,M,1982-12-19,665188
Peeter,Mets,F,2007-02-16,6916154
Peeter,Saar,M,1955-09-02,7772495
Laura,Mets,M,1948-01-26,12863824
Mari,Mets,F,1948-05-26,14236641
Laura,Mets,F,1949-07-11,13487815
Jaan,Mets,M,2006-12-21,7610719
Mari,Mets,F,2007-02-17,5770968
Peeter,Mets,M,1949-03-10,6039674
Anna,Saar,M,1987-03-01,4341069
Mari,Tamm,M,1950-11-06,11525007
Laura,Saar,F,1970-10-26,14200417
Jaan,Saar,F,2007-02-16,2398590
Laura,Mets,M,1986-07-12,10218759
Mati,Mets,M,1948-01-21,13611211
Jaan,Mets,F,1964-09-24,5171581
Peeter,Saar,M,1980-11-05,4983911
Laura,Tamm,M,1949-08-19,10301567
Anna,Tamm,F,2003-05-25,9608526
Jaan,Tamm,F,2006-11-29,14066268
Peeter,Mets,M,1970-07-17,14210543
Peeter,Tamm,M,1948-01-21,11633070
Peeter,Mets,F,1948-04-11,13074091
Peeter,Mets,M,1948-07-17,2890731
Anna,Saar,F,1994-03-23,980502
Anna,Mets,F,1948-03-29,15820302
Jaan,Tamm,M,1953-03-01,11731205
Laura,Saar,M,2005-08-06,584043
Peeter,Saar,M,1967-03-09,4824490
Jaan,Mets,M,1948-06-10,15664171
Mati,Tamm,M,1965-04-24,14516581
Anna,Mets,F,1973-08-24,10285504
Mari,Tamm,F,1950-05-11,11607974
Mati,Saar,M,1952-03-27,4054007
Mati,Saar,F,1966-06-27,7250131
Peeter,Tamm,M,2007-02-16,1568505
Mari,Mets,F,1948-10-16,15075986
Mati,Tamm,F,1948-09-21,8255133
Mati,Tamm,M,1953-02-25,1595723
Mati,Tamm,M,1963-06-10,12998381
Mari,Saar,M,1948-06-06,3883506
Jaan,Mets,F,1948-02-10,1017734
Laura,Mets,M,1948-01-21,8258732
Mari,Mets,F,1963-01-21,15812874
Laura,Mets,M,1953-02-24,9595914
Mari,Tamm,M,1994-11-15,16730289
Mari,Saar,M,1948-01-21,16541369
Anna,Tamm,M,1951-05-29,15408659
Laura,Saar,M,1948-01-21,3778611
Mari,Tamm,M,2007-02-17,1908915
Mari,Mets,F,1954-08-08,2517168
Mati,Mets,F,1977-05-18,11269957
Anna,Mets,M,1948-07-14,16585403
Peeter,Tamm,F,1957-09-17,9209255
Peeter,Tamm,F,1994-07-05,15066866
Jaan,Mets,M,1956-01-02,8482486
Laura,Mets,M,1948-01-21,13436464
Mari,Mets,M,1999-10-27,16355038
Laura,Tamm,M,2006-08-09,14130629
Laura,Mets,F,1955-04-16,7424336
Peeter,Saar,M,1948-01-21,10637829
Jaan,Mets,F,1976-04-04,16522473
Peeter,Tamm,M,1951-10-19,9935100
Laura,Saar,M,1992-05-19,8348751
Mari,Tamm,F,1948-01-21,3180878
Mati,Tamm,F,2001-08-07,1886283
Anna,Saar,F,1948-05-11,4620166
Mati,Saar,F,1948-02-28,5046339
Mati,Saar,F,1954-05-11,5637297
Laura,Mets,F,1951-01-25,15921467
Laura,Tamm,M,1961-08-19,6089022
Peeter,Mets,F,1951-07-16,16358178
Peeter,Tamm,M,1980-07-16,1421392
Jaan,Mets,M,1948-01-26,677112
Peeter,Saar,F,1999-08-02,9339944
Peeter,Saar,F,2007-02-16,8522242
Peeter,Saar,M,1964-05-03,13496013
Peeter,Mets,F,1949-12-08,3867794
Mati,Mets,M,1948-08-27,3535175
Mati,Tamm,M,1968-10-12,15665583
Mati,Mets,M,1950-01-05,4316580
Mari,Saar,F,1948-02-11,8137412
Anna,Mets,M,1991-04-09,3236760
Mari,Mets,M,1959-12-07,8018350
Anna,Tamm,F,1948-01-21,8431443
Peeter,Tamm,F,1955-07-08,13012129
Mari,Saar,M,1965-07-20,7036517
Anna,Mets,M,2007-02-16,12036191
Anna,Saar,F,1949-06-11,9932546
Mari,Saar,M,1999-04-18,14473459
Jaan,Saar,F,1950-12-13,9418371
Mati,Saar,F,1989-03-23,2823776
Anna,Tamm,F,2006-12-23,12185187
Mari,Saar,M,1949-03-17,16144037
Anna,Tamm,M,1948-01-21,6445595
Peeter,Tamm,M,2002-10-19,15782553
Peeter,Saar,M,1949-03-10,4163749
Laura,Mets,F,1948-01-21,9489317
Laura,Tamm,M,1948-02-18,1308762
Jaan,Mets,F,1948-01-21,15813328
Peeter,Mets,M,1994-06-21,8725021
Jaan,Tamm,M,1949-04-03,15751542
Laura,Mets,M,1963-08-24,9117546
Mari,Saar,F,1955-07-25,9407771
Peeter,Saar,M,1956-11-25,15742042
Mati,Tamm,F,1950-08-11,12267467
Anna,Tamm,F,1953-04-11,15325004
Jaan,Tamm,M,2007-02-16,12330745
Anna,Tamm,M,1969-10-21,13607568
Mari,Saar,M,1972-10-26,15527660
Peeter,Mets,M,2006-06-08,8100027
Anna,Saar,F,1999-02-08,2053891
Peeter,Saar,F,1948-01-21,4378044
Laura,Tamm,F,1955-09-12,4305989
Peeter,Mets,F,1990-07-26,7020185
Mati,Saar,M,1951-07-25,16471148
Jaan,Mets,F,1951-05-31,6721458
Peeter,Mets,M,1948-01-21,11299652
Mati,Tamm,F,1948-05-30,5351771
Mati,Tamm,F,1961-11-28,11548765
Mari,Saar,M,1986-02-26,13376634
Mati,Tamm,F,2007-01-30,8984667
Peeter,Tamm,M,1997-07-16,5497494
Mari,Tamm,F,1958-03-29,9519946
Mari,Saar,F,2006-11-05,11163105
Mari,Tamm,F,2007-02-16,10462496
Jaan,Saar,F,1948-01-21,8724
Laura,Saar,M,1954-02-23,7009561
Jaan,Tamm,M,1984-07-23,6947491
Peeter,Tamm,M,1973-01-19,3093159
Anna,Mets,M,1993-03-11,11395523
Jaan,Saar,M,1966-10-12,6452004
Anna,Saar,F,1964-05-29,7113776
Jaan,Tamm,F,1948-01-21,7744562
Laura,Tamm,F,2007-02-07,7456026
Anna,Tamm,M,2006-10-14,11594724
Mati,Saar,F,1952-06-30,8850282
Laura,Mets,F,2000-03-14,15622706
Peeter,Saar,M,1948-01-21,11350709
Laura,Mets,F,1948-01-21,12554696
Peeter,Saar,M,1950-01-11,4379170
Anna,Tamm,M,2007-02-17,4649118
Anna,Tamm,M,1996-08-12,6858598
Mati,Saar,M,1948-05-28,9958382
Laura,Mets,M,1977-01-31,13547808
Anna,Mets,M,1982-06-13,12717563
Anna,Saar,M,2007-02-16,16473745
Jaan,Tamm,M,1949-03-10,6575500
Jaan,Saar,F,2007-02-16,9116440
Mari,Tamm,M,1991-04-20,9517603
Laura,Mets,M,1980-10-24,9596815
Jaan,Tamm,M,1951-01-20,12169958
Laura,Tamm,M,1964-02-19,8544381
Jaan,Mets,M,1995-08-10,1653810
Jaan,Saar,F,1961-11-28,12953965
Anna,Mets,M,1967-12-12,3173483
Peeter,Mets,M,1994-01-09,225311
Mati,Mets,M,1978-11-25,9261521
Mati,Tamm,F,1957-09-30,12926372
Jaan,Saar,M,1965-12-18,13171022
Mari,Mets,F,1962-06-17,3570532
Mati,Tamm,F,1989-11-25,13939811
Jaan,Saar,M,1948-12-23,3355972
Jaan,Tamm,M,1956-10-26,10049933
Jaan,Mets,M,1995-01-09,8063048
Mari,Tamm,M,1948-04-03,6089338
Jaan,Tamm,F,2006-12-20,3369108
Jaan,Tamm,F,1948-01-21,7532303
Peeter,Tamm,F,1964-02-07,362528
Mari,Tamm,F,1969-07-25,12492299
Anna,Mets,F,2007-02-16,5048823
Jaan,Mets,F,1950-05-27,5765053
Mati,Tamm,F,1948-01-21,8751899
Anna,Tamm,F,1998-01-15,11797912
Peeter,Saar,F,1954-06-08,10080955
Mati,Tamm,M,1948-01-25,9216771
Mati,Saar,F,1948-01-26,13733224
Peeter,Mets,F,1948-01-21,9784012
Laura,Mets,F,1949-11-25,4911328
Peeter,Saar,F,1950-02-01,15182569
Laura,Tamm,F,1967-03-17,1289884
Peeter,Mets,F,2003-01-15,7802431
Peeter,Tamm,M,1948-01-21,626920
Jaan,Tamm,M,1964-02-06,10769763
Mati,Tamm,F,1948-01-21,629206
Laura,Mets,F,1948-01-21,14024673
Mari,Tamm,F,1948-01-21,8789037
Jaan,Mets,M,1953-01-26,15072081
Laura,Mets,F,1948-12-06,11217435
Mati,Mets,F,1951-02-01,9336877
Anna,Mets,F,1998-09-28,5873017
Laura,Mets,F,1951-02-04,4949064
Peeter,Mets,M,1948-03-13,16458209
Laura,Saar,M,1949-08-30,15751318
Mari,Tamm,F,2006-04-17,10712503
Jaan,Tamm,F,2006-10-08,103110
Mati,Tamm,F,1948-03-13,3414544
Mati,Mets,F,1948-01-21,7625297
Jaan,Saar,F,2007-02-16,2261264
Jaan,Mets,M,1948-04-10,7226624
Mati,Mets,F,1998-11-13,11675529
Mari,Mets,F,1987-12-16,411794
Jaan,Tamm,M,1950-09-24,11579496
Anna,Tamm,F,1949-11-17,7278614
Peeter,Mets,F,1948-02-11,9935495
Anna,Mets,F,1985-12-23,2448667
Mari,Mets,M,2005-08-24,8747618
Mati,Tamm,F,1954-08-27,13778350
Peeter,Mets,F,1977-05-25,14341903
Laura,Tamm,F,1989-10-31,12752414
Laura,Mets,M,1955-11-14,3857718
Mati,Mets,F,2007-02-16,5716762
Jaan,Mets,M,1948-01-21,14323584
Mati,Mets,F,1951-11-12,8983767
Peeter,Saar,F,1982-12-29,13962873
Jaan,Saar,F,1996-09-18,7981161
Mati,Mets,F,1951-05-02,7825057
Jaan,Mets,F,1951-09-18,13956148
Jaan,Tamm,M,2007-02-10,9375970
Laura,Saar,M,1966-07-27,10170863
Peeter,Tamm,M,1979-01-12,8564597
Mari,Saar,F,1948-10-07,13927550
Peeter,Tamm,F,1954-07-27,13757106
Mati,Saar,M,1957-12-27,9324882
Mari,Saar,M,1995-12-05,8885443
Laura,Saar,F,1948-01-21,4904068
Anna,Saar,M,1948-03-17,5791130
Mari,Mets,M,1982-10-05,13357127
Jaan,Tamm,F,1950-09-15,10202844
Mari,Mets,F,1993-03-01,12445694
Peeter,Mets,F,2007-02-16,7208815
Peeter,Saar,M,1960-05-08,7089803
Anna,Saar,F,1948-11-01,15770249
Jaan,Mets,M,1948-11-19,16123130
Mari,Saar,F,1949-08-21,15363150
Laura,Mets,M,2006-07-02,13822057
Anna,Mets,M,1949-01-08,67617
Peeter,Saar,M,1955-06-14,14164674
Mari,Tamm,M,1960-08-09,8311830
Jaan,Mets,F,2005-01-28,1761079
Mari,Saar,M,1996-01-01,8015085
Mati,Saar,M,1952-05-27,15550942
Mati,Saar,M,1948-02-22,460285
Anna,Saar,F,1985-08-07,12058336
Mari,Mets,M,1948-01-21,10442027
Jaan,Tamm,M,1987-05-06,6741903
Jaan,Mets,F,1948-01-21,13192116
Laura,Saar,M,1957-02-20,14110159
Mati,Saar,M,1949-02-07,11195041
Mati,Saar,F,1958-08-07,13024172
Peeter,Mets,M,2006-12-06,11616059
Mati,Mets,F,2004-10-16,16494429
Jaan,Saar,F,1948-04-26,9752264
Laura,Mets,M,1965-06-29,13483622
Mati,Tamm,M,1968-06-21,6501629
Peeter,Tamm,M,1952-06-22,4834782
Mati,Tamm,F,1950-04-17,16298061
Mari,Tamm,M,1968-09-18,6229081
Laura,Tamm,M,1948-01-21,15850946
Mati,Tamm,F,1951-01-21,12763196
Peeter,Tamm,F,1952-06-21,12674644
Peeter,Mets,F,1952-12-03,2091592
Mati,Mets,F,1948-01-21,713008
Laura,Tamm,F,1952-01-15,15973340
Mari,Mets,F,1959-04-13,3775317
Anna,Tamm,F,1951-08-22,14733854
Mati,Tamm,F,1953-05-11,5497971
Mati,Tamm,F,2007-01-28,15332485
Anna,Saar,M,1952-07-14,946554
Laura,Tamm,F,1963-06-08,10010863
Jaan,Mets,F,1995-09-09,1291158
Jaan,Mets,F,1955-08-07,8047724
Jaan,Mets,F,1959-07-25,8072128
Laura,Saar,M,1948-02-19,504213
Peeter,Mets,F,2002-08-30,8268610
Laura,Saar,M,1948-01-21,9754934
Peeter,Mets,F,1955-07-26,11207428
Jaan,Mets,M,1948-07-31,8661938
Jaan,Tamm,F,1949-01-17,1284237
Peeter,Saar,F,1972-12-11,15911806
Anna,Mets,F,1949-06-09,3084735
Laura,Saar,M,2007-01-01,5118146
Jaan,Mets,F,1953-04-02,13654646
Peeter,Mets,M,1949-12-12,12895995
Mari,Saar,M,1972-06-10,2042593
Mari,Tamm,M,1994-06-10,13459863
Mati,Tamm,F,1948-01-21,8433295
Mari,Tamm,M,1987-03-21,15617074
Peeter,Tamm,M,1998-12-04,15506732
Mati,Tamm,F,1951-08-29,12905464
Jaan,Mets,M,1956-06-17,1611947
Anna,Saar,F,2007-02-16,7880659
Laura,Saar,F,1988-09-25,14216711
Peeter,Mets,M,2007-01-16,11496532
Jaan,Saar,F,1948-04-09,14623258
Mari,Saar,F,2007-02-16,6940833
Mari,Saar,F,1948-03-18,3505377
Jaan,Tamm,F,1961-06-26,13149489
Jaan,Saar,F,1983-11-16,3624908
Laura,Mets,F,1951-09-10,14413418
Peeter,Mets,M,1952-11-15,5038911
Peeter,Saar,F,2007-02-17,5010203
Mati,Tamm,F,1948-02-12,5995222
Peeter,Mets,F,1953-09-07,13186192
Jaan,Tamm,M,2006-10-19,12207910
Mati,Mets,M,1999-10-29,12021219
Jaan,Saar,F,1977-12-07,500218
Peeter,Saar,M,1952-07-27,4392402
Mari,Mets,M,1948-01-21,11812161
Peeter,Mets,F,1954-08-30,14113095
Laura,Tamm,M,1973-08-10,8454751
Anna,Tamm,M,1958-06-22,3402732
Anna,Tamm,F,1988-11-06,14191354
Anna,Saar,F,1958-03-02,12622035
Peeter,Mets,F,1948-01-21,11959615
Mari,Mets,M,1998-09-13,15428872
Anna,Saar,F,1956-12-02,5510989
Laura,Mets,F,1949-10-18,9358658
Laura,Tamm,F,1948-01-21,14190351
Anna,Tamm,M,1976-05-28,12558647
Mati,Mets,F,1948-03-11,696561
Anna,Saar,F,1983-02-09,15368609
Jaan,Mets,F,1999-02-08,4550514
Mari,Tamm,F,1949-03-12,15859322
Anna,Saar,F,1951-08-29,1880653
Mati,Mets,M,1948-11-08,7546539
Jaan,Saar,M,1954-02-11,11430178
Anna,Saar,M,1949-10-08,13940730
Jaan,Tamm,M,1952-06-23,6986874
Jaan,Tamm,M,1948-01-21,640927
Jaan,Saar,F,1964-06-03,7062974
Laura,Saar,F,1956-03-23,10521245
Anna,Mets,F,2007-02-16,5875632
Mari,Mets,F,1999-03-17,10091381
Mati,Saar,F,2006-11-08,8947025
Jaan,Mets,F,2006-12-22,15701538
Mari,Mets,F,1948-04-06,3387307
Peeter,Tamm,F,1948-02-15,539666
Mari,Tamm,M,1992-08-28,10934216
Laura,Tamm,F,1948-01-21,13436487
Peeter,Tamm,M,1950-07-27,10484535
Mari,Mets,F,2003-01-02,4202084
Anna,Mets,M,1948-03-15,6799733
Mati,Saar,M,1951-04-16,10696989
Jaan,Mets,F,1974-07-05,5155959
Laura,Tamm,F,1992-05-26,12303649
Mari,Tamm,F,1952-02-18,13163560
Mari,Tamm,M,2007-02-16,16549729
Jaan,Tamm,M,1966-09-20,10665315
Peeter,Mets,F,2007-02-16,69736
Mati,Saar,F,1967-07-09,3711962
Laura,Mets,M,1978-03-20,13316980
Anna,Saar,M,1968-12-22,5072714
Peeter,Mets,M,1958-11-24,3940775
Peeter,Mets,F,1958-07-03,4022160
Mari,Mets,F,2007-02-16,4535337
Mati,Mets,F,1951-09-08,14604631
Mati,Mets,F,2000-12-07,7421076
Laura,Mets,F,1949-08-01,5042773
Anna,Tamm,F,1950-12-05,2352352
Mati,Saar,M,2007-02-16,3968061
Mari,Mets,F,1948-01-21,2959880
Mati,Saar,M,1948-01-21,246904
Peeter,Saar,F,1982-08-09,16184154
Mari,Tamm,M,1964-12-08,16592304
Laura,Saar,M,1981-10-22,11389275
Mati,Mets,M,1951-05-28,4046132
Mari,Saar,M,1966-02-09,11338519
Mari,Tamm,F,1948-01-21,1387041
Jaan,Tamm,M,2007-01-01,7551073
Mati,Tamm,F,2000-08-29,15379338
Anna,Mets,F,1997-12-12,10519386
Laura,Mets,F,2006-04-13,3400284
Jaan,Mets,M,1948-01-21,2276004
Mari,Saar,M,1948-10-20,15655144
Jaan,Mets,F,1948-07-03,11785146
Jaan,Tamm,F,1976-07-23,14477411
Anna,Saar,M,1948-04-14,10535378
Mati,Tamm,M,1948-01-21,16177220
Mari,Saar,F,1948-01-21,6216312
Jaan,Saar,F,1957-05-26,14165605
Mati,Saar,M,1950-11-07,10756906
Jaan,Mets,F,1948-01-21,12203785
Laura,Tamm,F,1948-01-21,11745972
Mati,Tamm,M,1994-10-29,1236214
Mari,Saar,M,1959-05-19,10125385
Jaan,Tamm,F,1958-04-16,1245045
Laura,Mets,M,1948-02-15,16358955
Mari,Saar,M,1985-05-27,15590316
Mari,Tamm,F,1952-11-02,16625694
Mari,Saar,F,1960-04-20,7560141
Jaan,Tamm,M,1949-03-22,7101049
Mati,Tamm,M,1984-10-29,834959
Mari,Saar,F,1950-06-13,530237
Peeter,Mets,M,1982-12-02,243106
Anna,Saar,F,1984-07-07,13390508
Mati,Saar,M,2007-02-16,8594602
Jaan,Mets,F,2007-02-16,1847338
Peeter,Tamm,F,1976-03-10,6138776
Laura,Saar,F,1988-04-22,1936381
Jaan,Saar,F,1954-03-10,9850514
Anna,Saar,F,2004-11-09,10918097
Mati,Tamm,F,1948-02-01,8098983
Mati,Mets,M,1983-07-30,2367765
Laura,Saar,F,1976-03-25,12006551
Jaan,Tamm,F,1991-09-03,10163547
Mati,Saar,M,2007-02-16,4976068
Anna,Mets,M,2002-11-22,8100090
Peeter,Mets,M,1956-04-02,9654618
Jaan,Saar,F,1965-03-12,16358953
Jaan,Saar,M,1956-09-07,11727704
Mari,Tamm,F,1962-01-24,924292
Peeter,Mets,M,1948-08-08,2230551
Peeter,Saar,F,1948-02-24,6738991
Anna,Tamm,M,1962-07-18,4836555
Mati,Mets,M,1965-10-19,13729416
Mati,Saar,F,1949-04-03,14714450
Mati,Saar,F,2003-04-29,6209546
Mati,Mets,F,1963-12-28,11968942
Laura,Tamm,M,1948-01-21,10367917
Peeter,Mets,F,1948-05-05,14442563
Jaan,Saar,F,1948-01-21,4248294
Peeter,Mets,M,2004-09-05,11766795
Mati,Tamm,M,1949-01-07,10093171
Anna,Saar,M,1983-06-25,12294946
Laura,Mets,M,1999-05-04,6078947
Mari,Tamm,F,1948-11-19,3881869
Mari,Tamm,M,1951-05-23,5998600
Peeter,Saar,M,1962-11-18,1111992
Jaan,Tamm,M,1950-10-17,11856750
Anna,Tamm,F,2007-02-16,8856132
Peeter,Saar,F,1948-01-21,367505
Mati,Mets,F,1956-08-03,7881393
Anna,Mets,M,1948-01-21,2259892
Laura,Mets,F,1949-03-03,9106655
Peeter,Saar,F,1948-01-21,2084283
Jaan,Mets,F,1948-12-16,7711311
Mati,Saar,F,1948-08-02,5731216
Mari,Saar,F,2007-02-16,8548723
Anna,Tamm,F,1950-11-13,12386591
Mati,Tamm,F,1948-01-21,9080767
Mati,Tamm,M,1991-08-13,10915300
Peeter,Tamm,F,2005-06-05,13336008
Mati,Saar,F,1985-08-28,13493880
Peeter,Tamm,F,1954-07-31,5200832
Laura,Tamm,M,1948-03-10,2957121
Mari,Mets,F,1949-12-20,14447814
Peeter,Tamm,F,1948-01-21,12773510
Anna,Tamm,F,1948-01-21,3354204
Laura,Mets,F,1952-02-27,9911379
Mati,Saar,F,1995-11-02,5856025
Anna,Mets,M,1983-07-16,5491024
Mari,Saar,F,1948-01-21,7819889
Anna,Tamm,M,1948-07-22,16688131
Jaan,Tamm,F,1948-01-21,217599
Mati,Tamm,F,1952-04-14,1286239
Peeter,Tamm,M,1949-07-02,12333569
Mati,Saar,M,1949-10-27,9531189
Laura,Tamm,F,2007-02-16,13094912
Anna,Mets,M,2007-02-16,190851
Jaan,Saar,M,1961-11-30,7682
Anna,Tamm,M,1955-02-03,11629260
Mati,Tamm,F,1948-01-21,2118222
Laura,Saar,F,1982-01-22,9426431
Anna,Tamm,M,1950-11-18,1711770
Mati,Mets,F,1964-02-28,10651522
Laura,Mets,F,2007-02-16,1398256
Laura,Saar,F,2006-07-26,1555451
Laura,Tamm,F,1990-04-01,134275
Laura,Saar,F,1999-01-22,7578639
Peeter,Saar,M,1960-12-26,3666678
Mati,Saar,M,1952-02-27,8055829
Mari,Mets,M,1948-01-21,14515934
Mari,Saar,F,1957-12-16,8066890
Mari,Mets,M,2005-11-06,2444336
Laura,Mets,M,1971-02-10,14995414
Anna,Saar,M,1984-04-18,6063551
Jaan,Tamm,F,1951-03-23,11178390
Jaan,Mets,F,1953-05-05,9430282
Peeter,Mets,M,1971-01-06,242969
Mari,Tamm,M,1948-01-21,9516438
Peeter,Saar,F,1951-04-25,8372348
Mari,Tamm,F,1948-07-06,11204529
Mati,Tamm,M,1985-08-03,3865510
Laura,Tamm,M,1949-04-11,14895726
Peeter,Saar,M,1951-03-29,4254077
Anna,Saar,F,2007-01-28,14997524
Mari,Tamm,M,1957-06-01,11426032
Laura,Tamm,M,1959-08-27,588163
Mati,Saar,M,2004-02-06,7244589
Jaan,Saar,M,1990-03-22,7512025
Mati,Mets,F,1955-03-29,274958
Mari,Saar,M,1969-06-27,15679951
Laura,Tamm,F,1999-01-10,12126820
Peeter,Saar,M,1999-09-04,1017529
Mati,Saar,F,1955-04-08,10664293
Laura,Tamm,M,2007-02-16,1750099
Anna,Mets,F,1948-04-07,12692001
Mari,Saar,F,1948-01-29,9628892
Jaan,Tamm,M,1948-08-07,1451345
Mari,Mets,F,1962-02-27,12733166
Laura,Mets,M,1974-03-24,10946867
Anna,Saar,F,1948-01-21,12579038
Peeter,Mets,M,1989-04-21,6739947
Peeter,Tamm,M,1990-07-05,12469258
Peeter,Tamm,M,1958-03-11,13825809
Mari,Mets,F,1954-12-26,9262839
Anna,Mets,M,2003-02-15,133412
Laura,Saar,F,1975-09-03,11819272
Mati,Mets,F,1984-04-05,14248250
Peeter,Tamm,F,1948-01-21,12554417
Peeter,Tamm,M,1948-04-19,7427743
Mati,Tamm,M,1987-10-10,8025336
Peeter,Saar,M,1951-07-26,4818485
Laura,Tamm,F,1948-01-21,8974563
Anna,Saar,M,1984-02-22,14132727
Mati,Saar,M,1989-02-23,2836555
Mari,Saar,M,1949-10-17,2825271
Mari,Mets,F,2007-01-30,12128429
Jaan,Saar,M,1954-06-03,13924896
Laura,Mets,F,1969-10-26,11152778
Peeter,Mets,F,1949-05-07,499493
Mati,Tamm,M,1948-01-21,342639
Mati,Saar,F,1984-09-03,7218611
Anna,Mets,F,1949-01-29,15174110
Laura,Saar,F,2007-02-16,11518796
Peeter,Mets,M,1949-12-25,6594354
Mati,Mets,F,1994-05-09,16588571
Peeter,Mets,F,1950-10-23,7948752
Anna,Tamm,M,1996-02-23,7905608
Peeter,Mets,M,1986-10-30,10546078
Anna,Saar,M,2007-02-16,14815904
Mati,Mets,F,1960-07-05,1320717
Mati,Mets,F,1954-11-20,2236478
Mati,Mets,M,1948-11-25,13446819
Peeter,Mets,F,2001-01-02,10485179
Mati,Mets,F,1959-07-27,1428303
Laura,Mets,F,2007-02-16,5244254
Anna,Tamm,F,1948-01-21,13212821
Jaan,Tamm,M,2006-08-23,4251669
Peeter,Mets,M,1949-08-27,11144119
Laura,Mets,F,1949-06-28,1771850
Anna,Mets,M,1961-08-17,5424595
Anna,Saar,M,1948-01-21,3221224
Laura,Saar,M,1948-01-22,15456721
Mari,Saar,M,1948-01-21,5518781
Mati,Mets,F,2004-07-29,4327559
Mati,Mets,M,2007-02-17,3090035
Anna,Mets,F,1948-07-18,16498638
Mati,Mets,F,1948-01-21,1921615
Jaan,Mets,M,1948-05-13,13043111
Anna,Tamm,M,1978-08-29,4995197
Laura,Tamm,M,1967-04-07,3721861
Peeter,Tamm,M,1948-01-21,13594518
Peeter,Mets,M,1948-01-21,7915884
Jaan,Mets,F,1950-03-05,14859471
Mati,Mets,M,1948-04-13,14122214
Mari,Mets,M,1948-09-02,9529279
Peeter,Saar,M,2007-02-16,1169908
Jaan,Mets,F,1980-12-27,11500517
Anna,Mets,F,1989-10-29,6674790
Mari,Tamm,F,2006-10-14,8865873
Mari,Saar,F,1949-10-14,11434256
Mari,Tamm,M,2007-01-31,3585751
Anna,Saar,F,1948-01-21,14790851
Anna,Mets,F,2006-08-27,4132956
Laura,Mets,M,1956-02-27,1906998
Peeter,Mets,M,2007-02-16,11676764
Peeter,Tamm,F,1948-04-06,1221521
Laura,Saar,M,1957-08-09,5860998
Laura,Mets,F,1952-11-09,14643982
Mati,Tamm,M,1975-12-12,9313361
Jaan,Tamm,F,1957-05-14,11511021
Peeter,Mets,F,1974-08-22,10765961
Laura,Mets,M,1968-09-16,14277613
Laura,Mets,F,1966-07-11,11360563
Mati,Mets,F,1949-07-24,12192259
Jaan,Mets,F,1951-06-08,7832058
Laura,Tamm,M,1988-12-30,11942880
Jaan,Mets,M,1948-01-21,1198099
Anna,Mets,M,1948-01-21,16755218
Laura,Mets,M,1948-04-22,910439
Mati,Saar,F,1948-09-10,12614896
Peeter,Mets,F,1948-01-21,11973112
Mari,Saar,M,1969-04-28,13533016
Laura,Tamm,M,1978-12-18,12976245
Anna,Tamm,F,1964-02-17,6752140
Anna,Mets,M,2004-03-18,4913406
Jaan,Tamm,F,2007-02-16,3590587
Jaan,Mets,F,1952-05-08,6801047
Jaan,Mets,F,1956-10-09,12963647
Mari,Mets,F,1948-01-21,3153577
Mati,Tamm,M,1969-06-12,5850500
Mati,Mets,F,1986-12-21,4606593
Peeter,Tamm,F,1951-08-10,15861087
Mari,Mets,M,1955-11-23,7340624
Peeter,Mets,M,1948-05-27,156962
Anna,Tamm,M,1981-08-01,186176
Mari,Tamm,F,1953-07-07,2081821
Laura,Mets,M,1949-10-15,662780
Jaan,Tamm,F,2007-02-11,7306256
Mari,Saar,F,2006-03-20,3440133
Laura,Saar,F,1950-06-23,13263314
Laura,Tamm,F,1961-11-05,14166091
Anna,Tamm,M,1965-03-30,5576537
Mati,Tamm,M,1953-06-15,10984546
Jaan,Saar,F,1956-10-26,3502160
Mari,Mets,M,1948-01-24,11738523
Jaan,Saar,M,2007-02-07,3070745
Peeter,Tamm,M,1960-06-28,6416061
Mari,Mets,F,1948-01-21,10449467
Anna,Mets,F,1962-07-25,11092593
Peeter,Tamm,M,1950-01-28,3320806
Peeter,Tamm,F,1948-01-21,14797212
Jaan,Saar,F,1949-07-04,4359024
Anna,Mets,M,1978-05-05,9186763
Anna,Tamm,M,2006-04-06,13713798
Peeter,Saar,M,1949-06-22,12885053
Anna,Saar,F,1977-12-28,6098487
Anna,Mets,F,1948-01-21,4252258
Peeter,Tamm,F,1949-12-11,4704279
Mari,Saar,M,1954-10-22,3783117
Jaan,Mets,F,1948-01-21,739005
Mari,Tamm,M,1999-03-09,3209606
Anna,Mets,M,1959-08-02,13944624
Mari,Mets,M,1965-09-24,11955627
Jaan,Mets,M,2005-02-22,7917364
Anna,Mets,M,1964-12-29,8793479
Peeter,Tamm,F,1992-12-02,5872303
Laura,Mets,M,1948-11-05,13587768
Anna,Mets,M,1948-01-21,1651622
Laura,Mets,F,1955-11-02,225587
Anna,Mets,M,1998-12-25,16118163
Peeter,Saar,M,1948-01-21,3340428
Laura,Mets,F,1971-12-11,2708645
Jaan,Tamm,F,2007-02-05,1323139
Anna,Tamm,F,1948-03-06,14683363
Mari,Tamm,M,2007-02-01,14871925
Jaan,Mets,M,2007-02-16,3868326
Jaan,Mets,M,1964-09-25,11692177
Peeter,Mets,F,1950-09-24,1301900
Jaan,Mets,M,1962-02-15,9721886
Mari,Mets,F,1948-01-21,4978369
Mari,Tamm,M,1954-03-13,13581186
Peeter,Tamm,M,1976-03-04,11999401
Peeter,Mets,M,1991-12-10,4742920
Mati,Mets,M,1994-10-16,10467217
Mati,Saar,M,1948-01-21,901228
Jaan,Saar,F,1948-01-21,15360734
Laura,Tamm,M,1952-08-30,12416515
Mari,Tamm,M,1948-06-06,3586056
Mari,Saar,F,1996-04-10,41913
Peeter,Saar,M,2007-02-16,7213296
Peeter,Saar,F,1948-03-15,12910633
Jaan,Tamm,F,1949-03-03,3807227
Mari,Tamm,F,1948-01-21,16163775
Anna,Mets,F,1949-03-31,3573685
Laura,Saar,F,1949-02-22,12585332
Mari,Mets,F,1973-03-19,6843559
Anna,Saar,M,1948-01-21,12914784
Anna,Mets,F,1994-12-11,11971663
Laura,Tamm,M,1948-02-07,15665195
Laura,Saar,F,1962-12-06,4963643
Jaan,Mets,F,1948-01-23,2628869
Jaan,Mets,F,1948-06-06,8679614
Laura,Tamm,F,2005-09-17,8649877
Anna,Saar,F,1949-01-01,8709757
Jaan,Mets,M,1959-10-27,5400289
Mati,Mets,F,2006-10-21,16425684
Peeter,Tamm,M,1976-12-06,1208175
Anna,Mets,M,1948-02-16,11130917
Mari,Mets,F,1958-04-10,6870343
Laura,Saar,F,1953-05-28,7301540
Mati,Mets,F,2007-02-16,12868511
Anna,Mets,F,1999-04-21,12030031
Mari,Saar,F,1949-03-23,16550081
Peeter,Mets,F,1948-05-07,4518514
Mari,Tamm,F,2004-11-18,2189926
Mari,Mets,F,1952-01-31,5525099
Anna,Mets,M,2003-05-24,5690430
Laura,Tamm,M,1972-03-23,8412530
Peeter,Mets,M,1950-03-29,12912906
Mati,Tamm,M,1950-11-23,1268983
Peeter,Tamm,F,1949-03-09,5175025
Jaan,Mets,M,1969-01-28,11750489
Peeter,Tamm,M,1993-08-10,229474
Laura,Tamm,F,1950-11-19,4200319
Peeter,Mets,M,2007-02-16,3873770
Mari,Tamm,M,1972-01-03,8239637
Jaan,Tamm,F,1960-06-04,5059465
Peeter,Mets,M,2001-11-14,12392596
Anna,Saar,F,1964-12-27,4315072
Laura,Saar,M,2007-02-16,4080104
Peeter,Saar,M,1998-04-06,14383248
Laura,Mets,M,1948-01-21,12329556
Mari,Mets,F,1948-01-21,12837811
Mari,Tamm,M,1999-12-13,7247517
Jaan,Mets,M,2001-05-09,14672910
Jaan,Mets,M,2005-05-20,4130563
Peeter,Tamm,F,1986-02-16,8561310
Mari,Tamm,F,1951-09-27,14514141
Peeter,Mets,F,1955-05-17,8504344
Jaan,Saar,F,1948-07-06,15088790
Laura,Saar,F,1958-12-28,1671882
Mari,Tamm,F,1986-03-21,8714981
Peeter,Mets,F,1963-04-16,90683
Laura,Mets,M,2006-06-26,7451936
Mati,Saar,F,1958-02-26,16205146
Laura,Saar,F,2007-02-16,3888026
Anna,Saar,F,1948-01-21,8215623
Laura,Mets,F,1948-01-21,10327979
Jaan,Mets,F,1959-08-14,14141618
Mati,Saar,F,1979-07-29,6176583
Mari,Mets,M,1950-12-04,15323337
Mati,Mets,F,2003-05-10,6178525
Laura,Saar,M,1949-07-23,959210
Anna,Mets,M,1959-05-06,16744913
Mati,Tamm,M,2004-05-28,14191984
Peeter,Tamm,M,1948-01-21,13870016
Jaan,Mets,M,1948-07-24,5060945
Mati,Tamm,F,1948-02-26,2902533
Peeter,Mets,F,1948-01-21,13365024
Peeter,Mets,M,2007-02-16,436740
Jaan,Saar,F,1948-02-11,2048651
Laura,Mets,F,2001-10-11,7731694
Peeter,Mets,F,1973-12-11,12551211
Peeter,Saar,F,1984-05-24,10995865
Mari,Mets,M,1950-03-03,12263754
Anna,Tamm,M,1948-01-21,5345433
Anna,Mets,F,1992-02-14,2590422
Anna,Mets,F,1948-05-12,2268987
Jaan,Tamm,F,2003-05-12,15316318
Peeter,Mets,F,1999-05-23,813039
Mari,Saar,F,1958-01-24,13341881
Laura,Tamm,F,1967-10-03,5227524
Mati,Saar,F,1978-01-10,15171283
Peeter,Tamm,M,1949-07-14,15123180
Jaan,Saar,M,1948-01-21,10811663
Peeter,Tamm,F,1949-02-06,16310621
Anna,Tamm,F,1993-05-08,7765945
Anna,Tamm,M,1948-01-21,2224556
Anna,Tamm,F,1948-01-21,6184771
Mari,Tamm,F,1971-06-25,6674629
Peeter,Mets,M,1957-04-21,7464752
Anna,Mets,M,1950-09-04,4109734
Peeter,Tamm,F,2007-02-16,13566064
Mati,Saar,F,1998-07-24,4738478
Anna,Mets,M,1950-11-26,14137151
Mari,Mets,F,1951-02-13,12723855
Jaan,Tamm,F,1956-07-01,917172
Mari,Mets,M,1958-05-28,4555648
Mari,Saar,F,1980-03-11,9266381
Mari,Mets,M,2007-02-15,15035889
Laura,Tamm,M,1949-08-24,3922226
Anna,Mets,F,1948-01-21,7282458
Mati,Saar,M,1967-07-04,2067344
Jaan,Mets,M,1948-01-21,9369317
Anna,Saar,F,1953-10-12,12645764
Anna,Saar,F,1949-08-04,15872627
Jaan,Saar,F,1959-05-07,1923197
Anna,Tamm,M,1948-11-01,1197551
Mari,Saar,F,1974-12-19,16455054
Anna,Tamm,F,1966-06-04,10757265
Anna,Saar,F,1948-03-11,16743788
Anna,Mets,M,1970-02-17,14930233
Laura,Mets,M,1948-05-23,1123596
Laura,Mets,M,1954-03-28,4176388
Mati,Mets,M,1975-12-24,14953696
Anna,Saar,F,1950-06-02,2089446
Jaan,Tamm,M,2007-02-16,8249751
Laura,Mets,F,1965-01-29,3428079
Anna,Mets,M,1975-11-04,16451327
Anna,Mets,F,1949-03-16,3955883
Peeter,Saar,F,1948-01-21,2905575
Peeter,Tamm,M,2003-09-04,13538486
Peeter,Tamm,M,1964-06-19,5916381
Jaan,Tamm,M,2007-01-28,1373229
Jaan,Mets,M,1963-07-03,1072448
Anna,Mets,F,1991-02-27,11090472
Peeter,Mets,F,1948-06-04,13521159
Mati,Mets,F,1970-07-25,16057166
Anna,Mets,M,1948-04-14,3444673
Jaan,Saar,F,1948-01-21,13103291
Anna,Mets,M,1986-10-03,3679178
Laura,Mets,M,1950-11-23,4684884
Laura,Mets,F,1948-01-21,14940851
Mari,Mets,M,1948-01-21,3302569
Peeter,Tamm,M,1948-02-08,125689
Laura,Mets,F,1949-03-16,8257756
Mati,Saar,F,1948-03-16,12310200
Mati,Mets,F,1948-01-21,495955
Laura,Mets,M,1948-09-23,3364155
Mari,Mets,M,1948-11-23,1992370
Anna,Tamm,F,1948-01-21,15385476
Laura,Tamm,M,1955-12-20,15532371
Anna,Mets,F,1948-01-21,4570417
Peeter,Mets,F,1948-01-21,4821367
Mati,Mets,F,2001-03-20,7860582
Jaan,Tamm,M,2003-03-26,1502570
Anna,Tamm,F,1948-01-21,6522274
Jaan,Mets,F,1960-06-16,11708717
Laura,Saar,M,1950-03-11,12990698
Anna,Saar,M,1948-01-21,2629440
Laura,Saar,M,1948-01-21,2868236
Laura,Tamm,F,1948-08-21,2918347
Peeter,Tamm,M,1979-11-07,11033186
Jaan,Mets,M,1948-01-21,14673394
Anna,Mets,M,1948-01-25,1716901
Jaan,Mets,M,1948-01-21,6463664
Laura,Tamm,F,2006-04-09,16438311
Laura,Tamm,M,1953-05-08,8984546
Mati,Mets,M,1957-09-19,1884644
Laura,Saar,M,2007-02-16,7411406
Mati,Mets,F,1958-08-11,4408929
Mari,Tamm,F,2005-09-23,11826378
Mati,Mets,F,1948-01-21,15588125
Jaan,Saar,M,1949-03-18,13878197
Peeter,Tamm,F,1954-09-09,10198914
Mari,Saar,F,1948-02-13,7270652
Jaan,Mets,F,1948-02-11,15220364
Mari,Mets,F,1951-03-12,1723138
Anna,Mets,M,1984-01-27,6738904
Mari,Saar,M,1980-10-02,16526678
Anna,Mets,M,1948-07-16,673016
Peeter,Mets,M,1996-09-22,2171443
Mari,Tamm,F,2007-02-16,1471745
Anna,Saar,M,2003-03-02,4619228
Laura,Mets,M,1949-05-24,7756319
Mati,Mets,F,1994-09-27,2696932
Laura,Mets,M,1948-09-28,15182227
Laura,Mets,M,1961-04-08,14614717
Peeter,Tamm,F,1949-02-07,6442955
Mati,Tamm,F,1953-05-20,8018313
Jaan,Tamm,F,1973-07-05,10332759
Anna,Saar,F,1996-04-01,279414
Peeter,Mets,M,1953-02-22,13049415
Mati,Tamm,F,1993-04-01,1844533
Mari,Saar,M,1948-01-21,12032410
Laura,Tamm,M,1990-01-31,11390217
Mati,Saar,F,1949-09-28,7988185
Peeter,Tamm,F,1973-08-25,13619815
Laura,Mets,M,1974-02-09,1204467
Laura,Saar,M,1967-09-03,14548407
Jaan,Mets,M,1990-02-08,5474039
Peeter,Mets,F,2005-08-13,5006916
Anna,Tamm,F,1962-10-09,3426239
Anna,Mets,M,1949-04-27,10702535
Laura,Tamm,F,1978-04-16,1810519
Mati,Tamm,F,1965-06-07,2598019
Mati,Saar,F,1952-01-05,9573822
Mari,Mets,M,1975-02-25,11648497
Anna,Mets,F,2006-10-07,1608071
Mati,Mets,F,1950-12-04,13641023
Mati,Tamm,M,1948-09-03,16270160
Jaan,Tamm,F,1953-01-22,10057887
Mati,Mets,F,1949-10-13,3475419
Peeter,Tamm,M,1992-05-04,7049647
Laura,Saar,M,2003-12-18,12035972
Jaan,Mets,M,1948-01-21,3371968
Laura,Tamm,F,1951-06-07,9050418
Laura,Tamm,M,1963-06-28,2606326
Mati,Tamm,F,2001-09-10,1512349
Mari,Mets,F,1951-01-13,15867202
Anna,Mets,M,1948-03-06,15320690
Mari,Saar,M,1950-08-12,13373474
Laura,Tamm,F,1949-11-01,8178435
Mati,Tamm,F,1954-12-20,9080555
Laura,Mets,F,1948-01-21,3745471
Anna,Tamm,F,2007-02-16,11810515
Anna,Tamm,M,2000-09-13,2578793
Anna,Saar,M,2001-12-29,3493301
Mati,Saar,F,1948-02-27,7719660
Mari,Mets,M,1960-10-20,10066524
Mati,Tamm,F,2007-02-16,7947684
Laura,Mets,F,1991-12-17,10105888
Mari,Tamm,F,1970-04-18,4533145
Mari,Saar,F,2007-02-16,8196051
Anna,Tamm,F,1950-10-14,4468538
Jaan,Mets,F,1992-07-17,14641584
Peeter,Tamm,F,2007-02-15,2758574
Mati,Mets,F,1950-08-11,10099752
Anna,Tamm,F,1948-08-16,13232244
Mari,Saar,M,1949-01-01,15365538
Jaan,Mets,M,1948-09-17,16568624
Laura,Tamm,F,2005-04-08,12500208
Laura,Mets,F,1961-01-12,5570605
Laura,Mets,F,1948-07-14,6236563
Peeter,Saar,F,1948-01-21,11741426
Mati,Tamm,M,1976-12-02,15100937
Mati,Tamm,M,1994-12-24,1613494
Peeter,Mets,M,1948-06-25,12136632
Mari,Saar,M,1948-01-21,5869824
Mati,Tamm,F,1972-02-07,7435776
Laura,Tamm,F,2006-11-07,14317118
Anna,Saar,M,2007-01-28,13157957
Anna,Tamm,M,2007-02-16,7499840
Laura,Tamm,F,2006-12-31,14002803
Anna,Tamm,F,1964-11-08,12907339
Laura,Mets,F,1962-04-19,7860405
Laura,Saar,F,1948-01-21,12665282
Laura,Saar,M,2007-02-16,335305
Laura,Tamm,M,1954-04-19,11027041
Peeter,Mets,M,1948-02-10,1390593
Peeter,Mets,F,1960-10-17,6991835
Laura,Tamm,F,1988-09-16,5538572
Mati,Mets,F,1962-06-15,15986880
Jaan,Saar,F,1948-11-11,7806637
Mati,Mets,F,1987-09-09,11965197
Mari,Tamm,F,1989-04-03,3742630
Mati,Saar,F,1948-01-21,2274948
Laura,Mets,M,1948-11-05,3361972
Jaan,Mets,M,1997-05-31,16380474
Jaan,Tamm,F,1965-11-21,1047143
Laura,Saar,F,1948-01-21,14427448
Laura,Mets,F,1978-04-29,4747165
Laura,Saar,M,1957-05-03,10717236
Anna,Tamm,M,2005-04-22,7578105
Laura,Mets,F,2005-09-08,14958303
Anna,Tamm,F,1958-04-08,8984463
Mari,Saar,F,1969-10-12,15321207
Mari,Saar,M,1972-05-06,14136224
Laura,Mets,F,1948-01-21,7643447
Mati,Saar,F,1974-06-14,8499983
Mati,Saar,M,1948-01-21,1102275
Anna,Saar,M,2007-02-16,13136685
Peeter,Tamm,F,1948-01-25,1627511
Jaan,Tamm,M,1948-03-19,10689301
Peeter,Tamm,F,1951-03-20,6828571
Mati,Mets,F,1989-07-15,11494301
Mati,Tamm,M,1953-07-21,13051202
Peeter,Mets,F,1950-07-02,11205269
Mari,Mets,M,1984-08-09,5218864
Anna,Mets,M,1948-06-24,11003881
Mari,Saar,F,1956-02-12,2595544
Peeter,Tamm,F,1951-03-24,6699735
Laura,Tamm,M,1948-06-23,3693819
Laura,Tamm,F,1952-12-26,13028886
Peeter,Tamm,M,2007-02-16,10300611
Peeter,Mets,F,1957-07-26,11865304
Mati,Tamm,F,1948-01-21,1526278
Mari,Mets,F,1969-12-03,9562433
Mati,Mets,M,2007-02-16,15509091
Peeter,Tamm,M,1956-10-23,695559
Mari,Saar,F,1948-01-21,3334836
Mari,Tamm,M,2000-02-21,10158004
Peeter,Mets,M,1948-08-19,4219642
Jaan,Mets,M,1948-07-22,7219562
Mari,Mets,F,1995-12-21,14738808
Mati,Saar,F,1949-02-05,8738610
Laura,Saar,M,1948-01-21,12361175
Anna,Saar,M,1948-04-04,10425289
Mari,Saar,F,1993-07-19,7135636
Anna,Tamm,F,1949-04-17,3380613
Jaan,Tamm,F,1948-02-18,6183943
Peeter,Saar,M,2007-02-16,16007952
Mati,Tamm,M,2005-02-20,417171
Peeter,Saar,M,1948-03-28,5760353
Mati,Mets,F,1948-01-21,3573046
Mati,Mets,M,2007-02-16,9492514
Peeter,Tamm,F,1954-02-24,3791772
Peeter,Saar,M,1993-02-13,12929118
Anna,Tamm,F,1998-08-30,8123404
Mati,Mets,M,1993-08-06,938850
Jaan,Tamm,F,1955-12-15,10588486
Mati,Saar,M,2007-02-16,10124331
Mari,Tamm,M,1948-01-21,4972720
Jaan,Saar,F,1966-04-09,425503
Laura,Saar,M,1957-07-19,5213521
Jaan,Tamm,F,1962-06-05,877513
Anna,Mets,M,1950-01-29,15259666
Peeter,Mets,F,2004-04-02,2388641
Peeter,Tamm,F,1996-04-08,3450846
Laura,Mets,F,1948-01-21,982072
Laura,Tamm,M,1948-02-09,8345809
Anna,Tamm,M,1952-10-12,5061962
Peeter,Tamm,M,1957-01-17,5016265
Mari,Mets,M,1994-11-12,11778595
Peeter,Tamm,F,1948-01-21,10713421
Jaan,Saar,F,1977-04-24,39618
Mari,Tamm,F,1948-01-21,6352529
Peeter,Mets,F,2007-02-16,12466474
Peeter,Saar,F,1948-04-07,9098464
Mati,Saar,M,1948-01-21,2889050
Mari,Tamm,F,2003-05-26,14251785
Jaan,Mets,F,1998-01-27,15011293
Jaan,Mets,F,1948-12-25,9193484
Peeter,Tamm,F,1948-01-21,13972671
Jaan,Mets,F,1984-03-05,3203640
Mati,Mets,M,1983-11-02,10593004
Anna,Saar,F,1969-12-07,5546564
Mati,Mets,M,1948-06-29,1158989
Peeter,Saar,F,1951-02-05,12967738
Laura,Tamm,F,1961-06-25,2128175
Jaan,Saar,M,1950-12-28,14827693
Laura,Mets,M,1960-07-24,6713772
Peeter,Mets,F,1951-09-13,10445085
