timestamp,timestamp,argo_workflows_k8s_requests_sum,layer,unit,treatment
2026-01-19 09:15:33.338999987+00:00,1768814133.339,30087,workflow,requests,NoTreatment
2026-01-19 09:16:03.338999987+00:00,1768814163.339,30135,workflow,requests,Treatment
2026-01-19 09:16:33.338999987+00:00,1768814193.339,30177,workflow,requests,Treatment
2026-01-19 09:17:03.338999987+00:00,1768814223.339,30202,workflow,requests,Treatment
2026-01-19 09:17:33.338999987+00:00,1768814253.339,30219,workflow,requests,Treatment
2026-01-19 09:18:03.338999987+00:00,1768814283.339,30234,workflow,requests,Treatment
2026-01-19 09:18:33.338999987+00:00,1768814313.339,30259,workflow,requests,Treatment
2026-01-19 09:19:03.338999987+00:00,1768814343.339,30266,workflow,requests,Treatment
2026-01-19 09:19:33.338999987+00:00,1768814373.339,30273,workflow,requests,Treatment
2026-01-19 09:20:03.338999987+00:00,1768814403.339,30280,workflow,requests,Treatment
2026-01-19 09:20:33.338999987+00:00,1768814433.339,30287,workflow,requests,Treatment
2026-01-19 09:21:03.338999987+00:00,1768814463.339,30295,workflow,requests,Treatment
2026-01-19 09:21:33.338999987+00:00,1768814493.339,30303,workflow,requests,Treatment
2026-01-19 09:22:03.338999987+00:00,1768814523.339,30309,workflow,requests,Treatment
2026-01-19 09:22:33.338999987+00:00,1768814553.339,30315,workflow,requests,Treatment
2026-01-19 09:23:03.338999987+00:00,1768814583.339,30321,workflow,requests,Treatment
2026-01-19 09:23:33.338999987+00:00,1768814613.339,30329,workflow,requests,Treatment
2026-01-19 09:24:03.338999987+00:00,1768814643.339,30336,workflow,requests,Treatment
2026-01-19 09:24:33.338999987+00:00,1768814673.339,30342,workflow,requests,Treatment
2026-01-19 09:25:03.338999987+00:00,1768814703.339,30348,workflow,requests,Treatment
2026-01-19 09:25:33.338999987+00:00,1768814733.339,30360,workflow,requests,Treatment
2026-01-19 09:26:03.338999987+00:00,1768814763.339,30389,workflow,requests,Treatment
2026-01-19 09:26:33.338999987+00:00,1768814793.339,30395,workflow,requests,Treatment
2026-01-19 09:27:03.338999987+00:00,1768814823.339,30402,workflow,requests,Treatment
2026-01-19 09:27:33.338999987+00:00,1768814853.339,30408,workflow,requests,Treatment
2026-01-19 09:28:03.338999987+00:00,1768814883.339,30417,workflow,requests,Treatment
2026-01-19 09:28:33.338999987+00:00,1768814913.339,30424,workflow,requests,Treatment
2026-01-19 09:29:03.338999987+00:00,1768814943.339,30430,workflow,requests,Treatment
2026-01-19 09:29:33.338999987+00:00,1768814973.339,30435,workflow,requests,Treatment
2026-01-19 09:30:03.338999987+00:00,1768815003.339,30441,workflow,requests,Treatment
2026-01-19 09:30:33.338999987+00:00,1768815033.339,30449,workflow,requests,Treatment
2026-01-19 09:31:03.338999987+00:00,1768815063.339,30454,workflow,requests,Treatment
2026-01-19 09:31:33.338999987+00:00,1768815093.339,30460,workflow,requests,Treatment
2026-01-19 09:32:03.338999987+00:00,1768815123.339,30466,workflow,requests,Treatment
2026-01-19 09:32:33.338999987+00:00,1768815153.339,30471,workflow,requests,Treatment
2026-01-19 09:33:03.338999987+00:00,1768815183.339,30482,workflow,requests,Treatment
2026-01-19 09:33:33.338999987+00:00,1768815213.339,30510,workflow,requests,Treatment
2026-01-19 09:34:03.338999987+00:00,1768815243.339,30520,workflow,requests,Treatment
2026-01-19 09:34:33.338999987+00:00,1768815273.339,30526,workflow,requests,Treatment
2026-01-19 09:35:03.338999987+00:00,1768815303.339,30533,workflow,requests,Treatment
2026-01-19 09:35:33.338999987+00:00,1768815333.339,30541,workflow,requests,Treatment
2026-01-19 09:36:03.338999987+00:00,1768815363.339,30548,workflow,requests,Treatment
2026-01-19 09:36:33.338999987+00:00,1768815393.339,30558,workflow,requests,Treatment
2026-01-19 09:37:03.338999987+00:00,1768815423.339,30572,workflow,requests,Treatment
2026-01-19 09:37:33.338999987+00:00,1768815453.339,30578,workflow,requests,Treatment
2026-01-19 09:38:03.338999987+00:00,1768815483.339,30584,workflow,requests,Treatment
2026-01-19 09:38:33.338999987+00:00,1768815513.339,30590,workflow,requests,Treatment
2026-01-19 09:39:03.338999987+00:00,1768815543.339,30596,workflow,requests,Treatment
2026-01-19 09:39:33.338999987+00:00,1768815573.339,30603,workflow,requests,Treatment
2026-01-19 09:40:03.338999987+00:00,1768815603.339,30609,workflow,requests,Treatment
2026-01-19 09:40:33.338999987+00:00,1768815633.339,30619,workflow,requests,Treatment
2026-01-19 09:41:03.338999987+00:00,1768815663.339,30625,workflow,requests,Treatment
2026-01-19 09:41:33.338999987+00:00,1768815693.339,30631,workflow,requests,Treatment
2026-01-19 09:42:03.338999987+00:00,1768815723.339,30654,workflow,requests,Treatment
2026-01-19 09:42:33.338999987+00:00,1768815753.339,30661,workflow,requests,Treatment
2026-01-19 09:43:03.338999987+00:00,1768815783.339,30668,workflow,requests,Treatment
2026-01-19 09:43:33.338999987+00:00,1768815813.339,30674,workflow,requests,Treatment
2026-01-19 09:44:03.338999987+00:00,1768815843.339,30680,workflow,requests,Treatment
2026-01-19 09:44:33.338999987+00:00,1768815873.339,30686,workflow,requests,Treatment
2026-01-19 09:45:03.338999987+00:00,1768815903.339,30695,workflow,requests,Treatment
2026-01-19 09:45:33.338999987+00:00,1768815933.339,30702,workflow,requests,Treatment
2026-01-19 09:46:03.338999987+00:00,1768815963.339,30709,workflow,requests,Treatment
2026-01-19 09:46:33.338999987+00:00,1768815993.339,30715,workflow,requests,Treatment
2026-01-19 09:47:03.338999987+00:00,1768816023.339,30721,workflow,requests,Treatment
2026-01-19 09:47:33.338999987+00:00,1768816053.339,30727,workflow,requests,Treatment
2026-01-19 09:48:03.338999987+00:00,1768816083.339,30733,workflow,requests,Treatment
2026-01-19 09:48:33.338999987+00:00,1768816113.339,30742,workflow,requests,Treatment
2026-01-19 09:49:03.338999987+00:00,1768816143.339,30751,workflow,requests,Treatment
